title,author,upvotes,comments,subreddit,date,url
A Bangladeshi couple who died in the 9/11 attacks.,Maverick_00x,557,54,bangladesh,2025-11-11 15:31:13,https://i.redd.it/nht3sj3gkl0g1.jpeg
I think I finally understand why Indians get so much hate and why many Bangladeshis dislike them,forgotten-daoist,313,139,bangladesh,2025-10-05 23:09:24,https://www.reddit.com/r/bangladesh/comments/1nytum0/i_think_i_finally_understand_why_indians_get_so/
I GOT FIRED FROM MY JOB AT THE FIRST DAY,goinnbackto505,283,205,dhaka,2025-11-15 21:49:52,https://www.reddit.com/r/Dhaka/comments/1oxv0iq/i_got_fired_from_my_job_at_the_first_day/
Bangladesh wins,HinduShibir,218,12,bangladesh,2025-11-18 22:49:47,https://i.redd.it/taw42xk2p12g1.jpeg
পোশাক নিয়ে কটুক্তিকারীকে জুতাপেটা করলেন তরুণী,AtikulIslam4142,207,93,bangladesh,2025-10-29 16:50:00,https://www.reddit.com/r/bangladesh/comments/1oj1995/পশক_নয়_কটকতকরক_জতপট_করলন_তরণ/
⚠️ Top-listed criminal shot dead in broad daylight,AtikulIslam4142,185,44,bangladesh,2025-11-10 14:55:29,https://v.redd.it/iolsj0w49e0g1
Does this look like a Hindu goddess?,Infinite-Sector-8694,151,200,dhaka,2025-11-19 15:22:51,https://www.reddit.com/gallery/1p1303f
Bangladeshi women should stop settling for less. We are enabling these losers,QuietSuccessfull,149,336,dhaka,2025-11-18 20:37:15,https://www.reddit.com/r/Dhaka/comments/1p0dkr3/bangladeshi_women_should_stop_settling_for_less/
"A peanut seller counts his loss as his Tk3,000....",Plastic_Repeat_995,124,6,bangladesh,2025-11-09 15:56:35,https://i.redd.it/cktvhqjve70g1.png
Imagine if Dhaka still looked like this...,maproomzibz,117,32,bangladesh,2025-10-20 01:47:40,https://i.redd.it/shw7y3ieh4wf1.png
Which restaurant would it be in Dhaka?,Saif10ali,112,36,bangladesh,2025-11-15 20:39:13,https://i.redd.it/b9pbuoyy891g1.jpeg
"As a Hindu Bangladeshi, it's so hard to have conversations with people about Bangladesh",LeadingSea6037,107,28,bangladesh,2025-10-25 11:54:42,https://www.reddit.com/r/bangladesh/comments/1ofjxl6/as_a_hindu_bangladeshi_its_so_hard_to_have/
"Today's editorials in Pakistan's Dawn (""Ties That Bind"") and Tribune (""Reset with Dhaka"") on the FM’s BD visit expose their mindset. Both dismiss 1971 as a mere ""tragedy,"" avoiding true apology for genocide. Not shockingly, their tone mirrors their own collaborators’ stance!",TasinMAHDI,106,32,bangladesh,2025-08-27 09:07:55,https://www.reddit.com/gallery/1n1629s
App that shows live Bangladesh Railway train positions - Find My Train: Bangladesh,jgainbd,86,21,dhaka,2025-11-15 20:13:56,https://www.reddit.com/gallery/1oxsqjf
ডাকসু এবং অন্যান্য নির্বাচনে ছাত্র শিবিরকে ভোট দিবেন যে কারণে,fogrampercot,83,41,bangladesh,2025-09-07 20:15:02,https://www.reddit.com/r/bangladesh/comments/1nauanz/ডকস_এব_অনযনয_নরবচন_ছতর_শবরক_ভট_দবন_য_করণ/
"Students of Ideal, Dhaka colleges reach peace agreement; City College missing from truce effort",Necessary-Hunt6104,82,24,bangladesh,2025-11-09 15:53:45,https://i.redd.it/srzvgb2le70g1.png
Kinda proud of this pic I took a couple of days ago,ComfyNeo,81,7,bangladesh,2025-09-12 20:30:31,https://i.redd.it/zcl2ba65vqof1.jpeg
‼️Crude bombs exploded at 4 locations in Dhaka,AtikulIslam4142,80,25,bangladesh,2025-11-10 15:37:37,https://i.redd.it/j7we8xhoge0g1.jpeg
Ousted Bangladesh PM Sheikh Hasina sentenced to death for crimes against humanity,Power-Equality,79,42,dhaka,2025-11-17 14:56:28,https://www.indiatoday.in/world/story/ousted-bangladesh-pm-sheikh-hasina-sentenced-to-death-by-dhaka-court-for-crimes-against-humanity-2821159-2025-11-17
Dhaka Metro costs 5 times India's: Jica review sought to cut millions,Necessary-Hunt6104,69,23,bangladesh,2025-10-26 11:35:12,https://i.redd.it/u7tqzoxq7exf1.jpeg
"My grandfather (Nana) told my mom when she was a child that laughing too loudly would make her sinful and made her recite an Arabic verse whenever she laughed. Even normal laughter made her stop midway and quickly recite the verse, believing she had sinned.",the-machine-m4n,69,37,dhaka,2025-11-15 14:40:15,https://www.reddit.com/r/Dhaka/comments/1oxmplw/my_grandfather_nana_told_my_mom_when_she_was_a/
"Dear Bangladeshi brothers, please take care not to harm us",SquarePromise2707,67,36,bangladesh,2025-09-21 16:28:52,https://www.reddit.com/r/bangladesh/comments/1nmoi8c/dear_bangladeshi_brothers_please_take_care_not_to/
HISTORIC VICTORY FOR THE COUNTRY!!!,Plastic_Repeat_995,66,9,bangladesh,2025-11-18 22:50:10,https://www.reddit.com/r/bangladesh/comments/1p0h1s7/historic_victory_for_the_country/
The Daily Star Caught Red-Handed using AI-written Article,AtikulIslam4142,63,19,bangladesh,2025-11-02 18:19:22,https://www.reddit.com/r/bangladesh/comments/1omftpq/the_daily_star_caught_redhanded_using_aiwritten/
Horrible experience at Dhaka to Dubai flight with emirates,Former-Type1623,63,35,bangladesh,2025-10-07 17:09:50,https://www.reddit.com/r/bangladesh/comments/1o0bqov/horrible_experience_at_dhaka_to_dubai_flight_with/
Wtf is happening in Bangladesh?,General-Dog4722,62,55,bangladesh,2025-10-11 19:45:52,https://www.reddit.com/r/bangladesh/comments/1o3w1pj/wtf_is_happening_in_bangladesh/
how are people affording to study outside,Temporary_Heart1018,62,84,dhaka,2025-11-17 18:20:20,https://www.reddit.com/r/Dhaka/comments/1ozet9d/how_are_people_affording_to_study_outside/
Probe blames pilot error for Milestone crash; all Air Force training to shift outside Dhaka,PrintRealistic6750,55,25,bangladesh,2025-11-05 16:36:41,https://i.redd.it/50k19bjm2fzf1.png
Bangladesh is severely lacking in Public Libraries and overall access to books.,Honest_Ad_6090,55,38,dhaka,2025-11-18 21:43:20,https://www.reddit.com/r/Dhaka/comments/1p0f95k/bangladesh_is_severely_lacking_in_public/
‘No one stood up for her’: Bus helper arrested for hitting woman,fogrampercot,53,13,bangladesh,2025-10-31 16:35:59,https://www.thedailystar.net/news/bangladesh/news/no-one-stood-her-bus-helper-arrested-hitting-woman-4023751
Why do our national subreddits have such low member counts?,the-machine-m4n,53,85,bangladesh,2025-09-08 19:21:39,https://www.reddit.com/r/bangladesh/comments/1nbnlbk/why_do_our_national_subreddits_have_such_low/
"Dhaka, Bangladesh",VapeyMoron,53,9,bangladesh,2025-08-25 23:30:45,https://i.redd.it/hdovi0i3x5lf1.jpeg
Do guys find girls with nose piercings attractive?,sabia__,53,132,dhaka,2025-11-16 01:43:15,https://www.reddit.com/r/Dhaka/comments/1oy0x9b/do_guys_find_girls_with_nose_piercings_attractive/
Why is Bangladesh so shitty?,Vigilante-225,50,49,bangladesh,2025-10-23 09:24:56,https://www.reddit.com/r/bangladesh/comments/1odsu0i/why_is_bangladesh_so_shitty/
Is arranged marriage still a thing in Bangladesh for male in their early 20s?,hackerbong,50,44,dhaka,2025-11-18 06:56:01,https://www.reddit.com/r/Dhaka/comments/1ozy1x1/is_arranged_marriage_still_a_thing_in_bangladesh/
My Story,Budget_Platform_3736,47,37,bangladesh,2025-11-07 13:35:35,https://www.reddit.com/r/bangladesh/comments/1oqo6u5/my_story/
"""baap ka beta, sipahi ka ghora""",KopaShamsur,47,6,bangladesh,2025-09-10 19:42:06,https://i.redd.it/jlmr15shccof1.png
Do you believe in jinn? I want to hear your real experiences,Last-Engineering-649,47,128,dhaka,2025-11-17 02:36:30,https://www.reddit.com/r/Dhaka/comments/1oywfll/do_you_believe_in_jinn_i_want_to_hear_your_real/
I (26M) was invited to Bangladesh by someone I met while traveling,Fantastic_Dust_5926,44,21,bangladesh,2025-10-06 07:18:15,https://www.reddit.com/r/bangladesh/comments/1nz5tp4/i_26m_was_invited_to_bangladesh_by_someone_i_met/
Does anyone else think that people of this generation is intellectually poor?,Outrageous-Being7136,44,42,dhaka,2025-11-16 01:06:59,https://www.reddit.com/r/Dhaka/comments/1oy00es/does_anyone_else_think_that_people_of_this/
how to be an independent woman in bangladesh,closetedluvergurl,43,26,dhaka,2025-11-16 22:14:54,https://www.reddit.com/r/Dhaka/comments/1oyppkl/how_to_be_an_independent_woman_in_bangladesh/
I am getting really depressed because of this,Icey-cold,41,32,dhaka,2025-11-18 02:05:00,https://www.reddit.com/r/Dhaka/comments/1ozqqjd/i_am_getting_really_depressed_because_of_this/
Miss Universe Bangladesh 2025 Hype,FinalGeneration,40,74,dhaka,2025-11-17 11:51:29,https://www.reddit.com/r/Dhaka/comments/1oz8hom/miss_universe_bangladesh_2025_hype/
টাকা বাদে জীবনে কোন একটা জিনিস আপনি সবচেয়ে বেশি চান?,Aaliynah550,40,128,dhaka,2025-11-16 15:59:18,https://www.reddit.com/r/Dhaka/comments/1oyhx82/টক_বদ_জবন_কন_একট_জনস_আপন_সবচয়_বশ_চন/
Is RETINA a Jamaati organization?,NoSpeaker324,39,24,bangladesh,2025-10-20 17:56:03,https://www.reddit.com/r/bangladesh/comments/1obh1sl/is_retina_a_jamaati_organization/
Gym Flings!,Almostfamous_02,39,55,dhaka,2025-11-16 21:10:37,https://www.reddit.com/r/Dhaka/comments/1oyo3vr/gym_flings/
Looking for like minded people!,Sam_Monsterclaw,37,47,bangladesh,2025-10-18 21:24:14,https://www.reddit.com/r/bangladesh/comments/1o9yoha/looking_for_like_minded_people/
How Yunus Deceived BNP at the Last Minute,Alone-Attention-2139,35,35,bangladesh,2025-11-15 18:31:25,https://www.reddit.com/r/bangladesh/comments/1oxqjxw/how_yunus_deceived_bnp_at_the_last_minute/
"Dhaka airport fire: Businesses fear over $1 billion impact on imports, exports",Necessary-Hunt6104,33,3,bangladesh,2025-10-18 22:51:45,https://i.redd.it/q1kryyb5hwvf1.jpeg
Random question,Dizzy_Sky_3350,33,147,dhaka,2025-11-16 00:23:46,https://www.reddit.com/r/Dhaka/comments/1oxyxac/random_question/
