title,author,upvotes,comments,subreddit,date,url
Bangladeshi women should stop settling for less. We are enabling these losers,QuietSuccessfull,149,336,dhaka,2025-11-18 20:37:15,https://www.reddit.com/r/Dhaka/comments/1p0dkr3/bangladeshi_women_should_stop_settling_for_less/
I GOT FIRED FROM MY JOB AT THE FIRST DAY,goinnbackto505,283,205,dhaka,2025-11-15 21:49:52,https://www.reddit.com/r/Dhaka/comments/1oxv0iq/i_got_fired_from_my_job_at_the_first_day/
Does this look like a Hindu goddess?,Infinite-Sector-8694,151,200,dhaka,2025-11-19 15:22:51,https://www.reddit.com/gallery/1p1303f
Random question,Dizzy_Sky_3350,33,147,dhaka,2025-11-16 00:23:46,https://www.reddit.com/r/Dhaka/comments/1oxyxac/random_question/
I think I finally understand why Indians get so much hate and why many Bangladeshis dislike them,forgotten-daoist,313,139,bangladesh,2025-10-05 23:09:24,https://www.reddit.com/r/bangladesh/comments/1nytum0/i_think_i_finally_understand_why_indians_get_so/
Do guys find girls with nose piercings attractive?,sabia__,53,132,dhaka,2025-11-16 01:43:15,https://www.reddit.com/r/Dhaka/comments/1oy0x9b/do_guys_find_girls_with_nose_piercings_attractive/
Do you believe in jinn? I want to hear your real experiences,Last-Engineering-649,47,128,dhaka,2025-11-17 02:36:30,https://www.reddit.com/r/Dhaka/comments/1oywfll/do_you_believe_in_jinn_i_want_to_hear_your_real/
টাকা বাদে জীবনে কোন একটা জিনিস আপনি সবচেয়ে বেশি চান?,Aaliynah550,40,128,dhaka,2025-11-16 15:59:18,https://www.reddit.com/r/Dhaka/comments/1oyhx82/টক_বদ_জবন_কন_একট_জনস_আপন_সবচয়_বশ_চন/
Men beauty,Mobile_Hearing5882,26,98,dhaka,2025-11-18 18:27:44,https://www.reddit.com/r/Dhaka/comments/1p0am65/men_beauty/
পোশাক নিয়ে কটুক্তিকারীকে জুতাপেটা করলেন তরুণী,AtikulIslam4142,207,93,bangladesh,2025-10-29 16:50:00,https://www.reddit.com/r/bangladesh/comments/1oj1995/পশক_নয়_কটকতকরক_জতপট_করলন_তরণ/
Sheikh Hasina's Judgement,RazzmatazzStrict,2,90,dhaka,2025-11-17 16:52:23,https://www.reddit.com/r/Dhaka/comments/1ozd8dx/sheikh_hasinas_judgement/
Why do our national subreddits have such low member counts?,the-machine-m4n,53,85,bangladesh,2025-09-08 19:21:39,https://www.reddit.com/r/bangladesh/comments/1nbnlbk/why_do_our_national_subreddits_have_such_low/
how are people affording to study outside,Temporary_Heart1018,62,84,dhaka,2025-11-17 18:20:20,https://www.reddit.com/r/Dhaka/comments/1ozet9d/how_are_people_affording_to_study_outside/
Self enjoyment,ElegantSteak7738,5,79,dhaka,2025-11-16 11:19:40,https://www.reddit.com/r/Dhaka/comments/1oydc0w/self_enjoyment/
Miss Universe Bangladesh 2025 Hype,FinalGeneration,40,74,dhaka,2025-11-17 11:51:29,https://www.reddit.com/r/Dhaka/comments/1oz8hom/miss_universe_bangladesh_2025_hype/
Give me your top ragebait,Ok_Temperature1414,23,69,dhaka,2025-11-18 14:13:12,https://www.reddit.com/r/Dhaka/comments/1p06ejd/give_me_your_top_ragebait/
Need advice: finding it hard to deal with my mindset about women,OrneryExpression6918,11,65,bangladesh,2025-09-07 11:48:28,https://www.reddit.com/r/bangladesh/comments/1nalc8n/need_advice_finding_it_hard_to_deal_with_my/
Wtf is happening in Bangladesh?,General-Dog4722,62,55,bangladesh,2025-10-11 19:45:52,https://www.reddit.com/r/bangladesh/comments/1o3w1pj/wtf_is_happening_in_bangladesh/
Bhawal resort / Any resort for couple,Glittering-Tear-8017,9,55,dhaka,2025-11-17 22:12:58,https://www.reddit.com/r/Dhaka/comments/1ozkdv9/bhawal_resort_any_resort_for_couple/
Gym Flings!,Almostfamous_02,39,55,dhaka,2025-11-16 21:10:37,https://www.reddit.com/r/Dhaka/comments/1oyo3vr/gym_flings/
A Bangladeshi couple who died in the 9/11 attacks.,Maverick_00x,557,54,bangladesh,2025-11-11 15:31:13,https://i.redd.it/nht3sj3gkl0g1.jpeg
Need hotel recommendations in Banani - unmarried couple,ArthurMorgan_47,16,51,dhaka,2025-11-18 13:59:43,https://www.reddit.com/r/Dhaka/comments/1p066sv/need_hotel_recommendations_in_banani_unmarried/
Is your family’s income halal?,United-Life7473,19,50,bangladesh,2025-10-27 19:55:45,https://www.reddit.com/r/bangladesh/comments/1ohf2mo/is_your_familys_income_halal/
Life of a loser,Mysterious-Fly-9194,30,50,dhaka,2025-11-16 11:40:28,https://www.reddit.com/r/Dhaka/comments/1oydp50/life_of_a_loser/
Why is Bangladesh so shitty?,Vigilante-225,50,49,bangladesh,2025-10-23 09:24:56,https://www.reddit.com/r/bangladesh/comments/1odsu0i/why_is_bangladesh_so_shitty/
"Dear Shahbagis, you can seek justice and still achieve a death sentence.",ahmad_musaffa,0,49,dhaka,2025-11-17 15:40:02,https://www.reddit.com/r/Dhaka/comments/1ozc2vw/dear_shahbagis_you_can_seek_justice_and_still/
I WANNA KNOW ABOUT JAGANNATH UNIVERSITY,Competitive-Rate-951,29,49,dhaka,2025-11-16 20:59:00,https://www.reddit.com/r/Dhaka/comments/1oynthc/i_wanna_know_about_jagannath_university/
Looking for like minded people!,Sam_Monsterclaw,37,47,bangladesh,2025-10-18 21:24:14,https://www.reddit.com/r/bangladesh/comments/1o9yoha/looking_for_like_minded_people/
⚠️ Top-listed criminal shot dead in broad daylight,AtikulIslam4142,185,44,bangladesh,2025-11-10 14:55:29,https://v.redd.it/iolsj0w49e0g1
Is arranged marriage still a thing in Bangladesh for male in their early 20s?,hackerbong,50,44,dhaka,2025-11-18 06:56:01,https://www.reddit.com/r/Dhaka/comments/1ozy1x1/is_arranged_marriage_still_a_thing_in_bangladesh/
BNP er good side ashole ki?,hackerbong,4,43,dhaka,2025-11-19 06:55:58,https://www.reddit.com/r/Dhaka/comments/1p0tk41/bnp_er_good_side_ashole_ki/
How do i pass HSC ICT?,nimbus2346,1,42,dhaka,2025-11-18 22:55:55,https://www.reddit.com/r/Dhaka/comments/1p0h7aq/how_do_i_pass_hsc_ict/
Ousted Bangladesh PM Sheikh Hasina sentenced to death for crimes against humanity,Power-Equality,79,42,dhaka,2025-11-17 14:56:28,https://www.indiatoday.in/world/story/ousted-bangladesh-pm-sheikh-hasina-sentenced-to-death-by-dhaka-court-for-crimes-against-humanity-2821159-2025-11-17
Does anyone else think that people of this generation is intellectually poor?,Outrageous-Being7136,44,42,dhaka,2025-11-16 01:06:59,https://www.reddit.com/r/Dhaka/comments/1oy00es/does_anyone_else_think_that_people_of_this/
ডাকসু এবং অন্যান্য নির্বাচনে ছাত্র শিবিরকে ভোট দিবেন যে কারণে,fogrampercot,83,41,bangladesh,2025-09-07 20:15:02,https://www.reddit.com/r/bangladesh/comments/1nauanz/ডকস_এব_অনযনয_নরবচন_ছতর_শবরক_ভট_দবন_য_করণ/
Safe to visit Bangladesh as a Pakistani?,Fondant_Decent,32,40,bangladesh,2025-08-29 16:02:21,https://www.reddit.com/r/bangladesh/comments/1n33alt/safe_to_visit_bangladesh_as_a_pakistani/
Need someone,Unusual-Bit-6296,8,39,dhaka,2025-11-19 19:32:54,https://www.reddit.com/r/Dhaka/comments/1p17sc4/need_someone/
Pakistani Planning to do mbbs from Bangladesh,timespaceweb,27,39,dhaka,2025-11-17 06:19:51,https://www.reddit.com/r/Dhaka/comments/1oz1rjv/pakistani_planning_to_do_mbbs_from_bangladesh/
Why the r/Dhaka is almost twice as big as r/Bangladesh?,Plastic_Repeat_995,11,38,bangladesh,2025-10-22 08:30:32,https://www.reddit.com/r/bangladesh/comments/1ocwfdr/why_the_rdhaka_is_almost_twice_as_big_as/
Bangladesh is severely lacking in Public Libraries and overall access to books.,Honest_Ad_6090,55,38,dhaka,2025-11-18 21:43:20,https://www.reddit.com/r/Dhaka/comments/1p0f95k/bangladesh_is_severely_lacking_in_public/
My Story,Budget_Platform_3736,47,37,bangladesh,2025-11-07 13:35:35,https://www.reddit.com/r/bangladesh/comments/1oqo6u5/my_story/
Weekend activities in city like Dhaka?,PatientHistorian7459,8,37,dhaka,2025-11-15 18:39:33,https://www.reddit.com/r/Dhaka/comments/1oxqplg/weekend_activities_in_city_like_dhaka/
"My grandfather (Nana) told my mom when she was a child that laughing too loudly would make her sinful and made her recite an Arabic verse whenever she laughed. Even normal laughter made her stop midway and quickly recite the verse, believing she had sinned.",the-machine-m4n,69,37,dhaka,2025-11-15 14:40:15,https://www.reddit.com/r/Dhaka/comments/1oxmplw/my_grandfather_nana_told_my_mom_when_she_was_a/
Which restaurant would it be in Dhaka?,Saif10ali,112,36,bangladesh,2025-11-15 20:39:13,https://i.redd.it/b9pbuoyy891g1.jpeg
"Dear Bangladeshi brothers, please take care not to harm us",SquarePromise2707,67,36,bangladesh,2025-09-21 16:28:52,https://www.reddit.com/r/bangladesh/comments/1nmoi8c/dear_bangladeshi_brothers_please_take_care_not_to/
How Yunus Deceived BNP at the Last Minute,Alone-Attention-2139,35,35,bangladesh,2025-11-15 18:31:25,https://www.reddit.com/r/bangladesh/comments/1oxqjxw/how_yunus_deceived_bnp_at_the_last_minute/
What if Bangladesh actually had high-speed trains(250-350km/hour)?,SheehabMuhammad,16,35,bangladesh,2025-11-11 01:06:11,https://www.reddit.com/r/bangladesh/comments/1otmrhf/what_if_bangladesh_actually_had_highspeed/
Horrible experience at Dhaka to Dubai flight with emirates,Former-Type1623,63,35,bangladesh,2025-10-07 17:09:50,https://www.reddit.com/r/bangladesh/comments/1o0bqov/horrible_experience_at_dhaka_to_dubai_flight_with/
Let's talk and do something,Top-Slide-4095,6,34,dhaka,2025-11-19 16:02:01,https://www.reddit.com/r/Dhaka/comments/1p13mr5/lets_talk_and_do_something/
Is mbbs from Bangladesh worth it??,timespaceweb,18,34,dhaka,2025-11-19 07:24:51,https://www.reddit.com/r/Dhaka/comments/1p0u6z3/is_mbbs_from_bangladesh_worth_it/
